userid,likes,shares,playlistcount,country,displayname,image,playlists
1,123423,34,12,USA,angelbeats,profile_1.img,12
2,234,12,10,CANADA,polomo,profile_2.img,1233
3,2312,86,12,JAPAN,cowboybepop,profile_4.img,343
4,3675,544,33,USA,bigt,profile_3.img,321
5,434534,32,21,UK,juniper,default.img,34645
6,44322,2535,645,JAPAN,chewieracoon,default.img,421213
7,3242,24,43,USA,better,profile_5.img,13
8,2234,1323,21,USA,call,profile_6.img,12334
9,3233,24,34,USA,saul,profile_7.img,3432
10,1334,2333,21,CANADA,leilani,profile_8.img,322